prompt,response
What should I do if I have a persistent cough?,"If you have a persistent cough, I recommend scheduling an appointment for a thorough evaluation."
What are the side effects of the medication prescribed to me?,"Common side effects of the prescribed medication include nausea, dizziness, and fatigue; please monitor your symptoms."
How long will it take for my recovery after surgery?,"Recovery after surgery typically takes about 4-6 weeks, but it can vary based on the procedure."
Are there any support groups for patients with diabetes?,"Yes, there are several support groups for patients with diabetes; I can provide you with the contact information."
What tests do I need to undergo before my annual check-up?,"Before your annual check-up, you may need to undergo blood tests and a physical examination."
Can you provide information on the dietary recommendations for heart health?,"For heart health, I recommend a diet rich in fruits, vegetables, whole grains, and lean proteins."
What is the average wait time for a specialist appointment?,"The average wait time for a specialist appointment is about 2-4 weeks, depending on the specialty."
How often should I schedule follow-up visits after my treatment?,"Follow-up visits are usually recommended every 3-6 months after treatment, but this can vary."
Is there a payment plan available for my medical bills?,"Yes, we offer flexible payment plans to help manage your medical expenses."
What lifestyle changes can I make to improve my overall health?,"To improve your overall health, consider regular exercise, a balanced diet, and adequate sleep."
